{"mean":{"confidence_interval":{"confidence_level":0.95,"lower_bound":-0.00886204581874039,"upper_bound":0.0018814528829943936},"point_estimate":-0.0036066603607501913,"standard_error":0.002743642004097462},"median":{"confidence_interval":{"confidence_level":0.95,"lower_bound":-0.008081498417941035,"upper_bound":-0.002049471569798178},"point_estimate":-0.006374385353049239,"standard_error":0.0015792390941953471}}