{"mean":{"confidence_interval":{"confidence_level":0.95,"lower_bound":0.005031899234399617,"upper_bound":0.012967055877617373},"point_estimate":0.00913258076879031,"standard_error":0.002013247586551598},"median":{"confidence_interval":{"confidence_level":0.95,"lower_bound":0.008784880773352377,"upper_bound":0.013333476643578202},"point_estimate":0.011190301604482311,"standard_error":0.0011904358810363106}}